stage,commit,so_len,rate,need_before_reserve,need_total,note
0,26b88ae,971392,5080,4955719360,5255719360,"режим A (первый деплой), профиль base; SETUP_ONCHAIN=верхняя оценка 10642600 — отменена измерением на c7822e9"
0,26b88ae,756424,5080,3861906520,4161906520,"режим A, opt-level=z, предварительно; оценка SETUP отменена измерением"
0,26b88ae,756424,5080,4071466680,4371466680,"режим C (апгрейд), cur_cap=715008, ProgramData=3633119480; оценка SETUP отменена"
0,c7822e9,971392,5080,4948932480,5248932480,"режим A, base; SETUP_ONCHAIN измерен = 3855720 (ares-setup, 110467568206); RESERVE=0.30"
0,c7822e9,818304,5080,4169978240,4469978240,"режим A, opt-level=s; SETUP измерен"
0,c7822e9,756424,5080,3855119640,4155119640,"режим A, opt-level=z; SETUP измерен; лучший результат Этапа 0 — уровень A (3.0 SOL) не достигнут"
0,c7822e9,971392,5080,6250530080,6550530080,"режим C, base, cur_cap=715008, ProgramData=3633119480"
0,c7822e9,818304,5080,4693888800,4993888800,"режим C, opt-level=s"
0,c7822e9,756424,5080,4064679800,4364679800,"режим C, opt-level=z"
0,c7822e9,0,5080,4530160,304530160,"режим B (init-only); совпало с needTotalInitOnly из ares-setup до лампорта"
